ModelName,meanCELoss_tr,stdCELoss_tr,meanCELoss_te,stdCELoss_te,meanAccuracy_tr,stdAccuracy_tr,meanAccuracy_te,stdAccuracy_tr
FullyConnected,5.586e-05,3.135e-05,1.265,0.159,1.0,0.0,0.7985,0.0154
BasicConvolutional,0.1837,0.2279,0.7685,0.09296,0.9105,0.1545,0.7349,0.1133
BasicFullyConvolutional,0.16,0.006157,0.5589,0.02284,0.9865,0.002915,0.7521,0.01256
DropoutFullyConnected,0.002824,0.001225,1.03,0.1706,0.9995,0.0007071,0.8017,0.01489
DropoutFullyConnectedBatchNorm,0.0009565,9.165e-05,0.5861,0.05403,1.0,0.0,0.8169,0.01304
ResNet,0.002737,0.001482,0.6829,0.08983,1.0,0.0,0.8202,0.01195
SiameseNet,0.0006077,0.0006804,1.381,0.1257,1.0,0.0,0.8201,0.01672
SiameseNetResNet,0.03685,0.03783,0.6087,0.1252,0.9885,0.01531,0.8397,0.01541
